<?xml version="1.0" encoding="UTF-8"?>
<project name="Units of Measurement API">
  <!-- =========================================================
           Logo to appears in the banner on top of each pages
       ========================================================= -->
  <bannerLeft>
    <name>Units of Measurement API</name>
    <alt>unit-api</alt>
    <src>images/icon.png</src>
    <href>index.html</href>
  </bannerLeft>

  <body>
    <!-- ====================================================
             Links to appears just below the right banner
         ==================================================== -->
    <links>
      <item name="Home" href="index.html"/>
    </links>

    <!-- ====================================================
             Menus to appears on the left side of each page
         ==================================================== -->
    <menu name="Quick links">
      <item name="Javadoc"         href="apidocs/index.html"/>
      <item name="Implementations" href="implementations.html"/>
    </menu>

    <menu ref="reports"/>  <!-- Replaced by menus for any configured reports (mailing lists, etc.) -->
    <menu ref="modules"/>  <!-- Replaced by menu for submodules. -->

  </body>
</project>
