<?xml version="1.0" encoding="UTF-8"?>
<flexview-themes>

	<theme name="repast.simphony" description="Repast Simphony" view-ui="repast.simphony">
		<view-ui name="repast.simphony">
			<property name="titlebar-ui" value="repast.simphony"/>
		</view-ui>

		<!-- List the various titlebars that are available -->
		<titlebar-ui name="repast.simphony" extends="default">
			<property name="default.height" value="22" />
			<property name="icon-map" value="repast.simphony" />
			<property name="icon.insets" value="0,0,0,4" handler="insets"/>
			<property name="button.margin" value="1"/>
			<property name="font" value="Tahoma, 0, 11" handler="font"/>
			<property name="border" value="#808080" handler="rounded-border"/>
			<property name="border.active" value="#808080" handler="rounded-border"/>
			<property name="painter" value="repastSimphonyPainter" handler="paint"/>
			<property name="insets" value="2,0,4,0" handler="insets"/>
		</titlebar-ui>

		<!-- List the various painters available -->
		<painter-resource name="repastSimphonyPainter" extends="gradientPainter">
			<property name="bgcolor" value="#C4C1BC" handler="color"/>
			<property name="bgcolor.active" value="#0A246A" handler="color"/>
		</painter-resource>

		<painter-resource name="officeXPPainter">
			<property name="classname" value="org.flexdock.plaf.theme.officexp.OfficeXPPainter"/>
			<property name="bgcolor" value="#DAEAFD" handler="color"/>
			<property name="bgcolor.active" value="#FFD289" handler="color"/>
			<property name="gradient.color" value="#7FA7E1" handler="color"/>
			<property name="gradient.color.active" value="#FFAD55" handler="color"/>
		</painter-resource>

		<painter-resource name="eclipsePainter">
			<property name="classname" value="org.flexdock.plaf.theme.eclipse2.EclipseGradientPainter"/>
			<property name="bgcolor.active" value="#0054E3" handler="color"/>
		</painter-resource>


		<!-- List the available icon maps -->
		<icon-map name="repast.simphony">
			<property name="close" value="rs.close" />
			<property name="pin" value="win32.pin" />
			<property name="min" value="default.min" />
			<property name="float" value="default.float" />
			<property name="max" value="default.max" />
		</icon-map>

    <icon-resource name="default.min">
			<property name="action" value="saf.core.ui.actions.MinAction" handler="action" />
			<property name="tooltip" value="Minimize" handler="string" />
			<property name="tooltip.selected" value="Dock" handler="string" />
      <property name="default" value="/icons/min_default.gif" />
      <property name="active" value="/icons/min_active.png" />
			<property name="default.selected" value="/icons/dock.png" />
      <property name="active.selected" value="/icons/dock_active.png" />
		</icon-resource>

    <icon-resource name="default.max">
			<property name="action" value="saf.core.ui.actions.MaxAction" handler="action" />
			<property name="tooltip" value="Maximize" handler="string" />
			<property name="tooltip.selected" value="Restore" handler="string" />
      <property name="default" value="/icons/max_default.png" />
      <property name="active" value="/icons/max_active.png" />
			<property name="default.selected" value="/icons/restore_default.png" />
      <property name="active.selected" value="/icons/restore_active.png" />
		</icon-resource>

    <icon-resource name="default.float">
			<property name="action" value="saf.core.ui.actions.FloatAction" handler="action" />
			<property name="tooltip" value="Float Window" handler="string" />
			<property name="tooltip.selected" value="Dock Window" handler="string" />
      <property name="default" value="/icons/float_default.png" /> <!--- float_default.png" /> -->
      <property name="active" value="/icons/float_active.png" /> <!-- float_active.png" /> -->
      <property name="default.selected" value="/icons/dock.png" />
      <property name="active.selected" value="/icons/dock_active.png" />
		</icon-resource>

		<!-- List available icons -->
		<icon-resource name="rs.close" extends="default.close">
      <property name="action" value="saf.core.ui.actions.CloseAction" handler="action" />
      <property name="tooltip" value="Hide" handler="string" />
			<property name="default" value="org/flexdock/plaf/titlebar/win32/close_default.png" />
			<property name="active" value="org/flexdock/plaf/titlebar/win32/close_active.png" />
			<property name="disabled" value="org/flexdock/plaf/titlebar/win32/close_disabled_default.png" />
			<property name="active.disabled" value="org/flexdock/plaf/titlebar/win32/close_disabled_active.png" />
		</icon-resource>

		<icon-resource name="win32.pin" extends="default.pin">
			<property name="default" value="org/flexdock/plaf/titlebar/win32/pin_default.png" />
			<property name="disabled" value="org/flexdock/plaf/titlebar/win32/pin_disabled_default.png" />
			<property name="default.selected" value="org/flexdock/plaf/titlebar/win32/pin_default_selected.png" />
			<property name="active" value="org/flexdock/plaf/titlebar/win32/pin_active.png" />
			<property name="active.disabled" value="org/flexdock/plaf/titlebar/win32/pin_disabled_active.png" />
			<property name="active.selected" value="org/flexdock/plaf/titlebar/win32/pin_active_selected.png" />
			<property name="disabled.selected" value="org/flexdock/plaf/titlebar/win32/pin_disabled_default_selected.png" />
			<property name="active.disabled.selected" value="org/flexdock/plaf/titlebar/win32/pin_disabled_active_selected.png" />
		</icon-resource>
	</theme>
	<!-- End Windows Classic -->

</flexview-themes>