<?xml version="1.0" encoding="UTF-8"?>
 <!--
   Licensed to the Apache Software Foundation (ASF) under one or more
  contributor license agreements.  See the NOTICE file distributed with
  this work for additional information regarding copyright ownership.
  The ASF licenses this file to You under the Apache License, Version 2.0
  (the "License"); you may not use this file except in compliance with
  the License.  You may obtain a copy of the License at

       http://www.apache.org/licenses/LICENSE-2.0

   Unless required by applicable law or agreed to in writing, software
   distributed under the License is distributed on an "AS IS" BASIS,
   WITHOUT WARRANTIES OR CONDITIONS OF ANY KIND, either express or implied.
   See the License for the specific language governing permissions and
   limitations under the License.
  -->
<project>
  <pomVersion>3</pomVersion>
  <groupId>commons-collections</groupId>
  <artifactId>commons-collections</artifactId>
  <currentVersion>3.2.1</currentVersion>
  <inceptionYear>2001</inceptionYear>
  <name>Collections</name>
  <shortDescription>Commons Collections</shortDescription>
  <description>Types that extend and augment the Java Collections Framework.</description>
  <logo>/images/logo.png</logo>
   
  <url>http://commons.apache.org/collections/</url>
  <package>org.apache.commons.collections</package>

  <organization>
    <name>The Apache Software Foundation</name>
    <url>http://commons.apache.org/</url>
    <logo>http://commons.apache.org/images/logo.png</logo>
  </organization>

  <licenses>
	<license>
    	<name>The Apache Software License, Version 2.0</name>
    	<url>/LICENSE.txt</url>
    	<distribution>repo</distribution>
	</license>
  </licenses>
  
  <gumpRepositoryId>commons</gumpRepositoryId>
  <issueTrackingUrl>http://issues.apache.org/jira/</issueTrackingUrl>
  <siteAddress>people.apache.org</siteAddress>
  <siteDirectory>/www/commons.apache.org/collections/</siteDirectory>
  <distributionDirectory>/www/people.apache.org/builds/commons/collections/</distributionDirectory>
  
  <repository>
    <connection>scm:svn:http://svn.apache.org/repos/asf/commons/proper/collections/trunk</connection>
    <url>http://svn.apache.org/repos/asf/commons/proper/collections/trunk</url>
  </repository>
  
  <mailingLists>
    <mailingList>
      <name>Commons Dev List</name>
      <subscribe>dev-subscribe@commons.apache.org</subscribe>
      <unsubscribe>dev-unsubscribe@commons.apache.org</unsubscribe>
      <archive>http://mail-archives.apache.org/mod_mbox/commons-dev/</archive>
    </mailingList>
    <mailingList>
      <name>Commons User List</name>
      <subscribe>user-subscribe@commons.apache.org</subscribe>
      <unsubscribe>user-unsubscribe@commons.apache.org</unsubscribe>
      <archive>http://mail-archives.apache.org/mod_mbox/commons-user/</archive>
    </mailingList>
  </mailingLists>

  <versions>
    <version>
      <id>1.0</id>
      <name>1.0</name>
      <tag>COLLECTIONS_1_0</tag>
    </version>
    <version>
      <id>2.0</id>
      <name>2.0</name>
      <tag>COLLECTIONS_2_0</tag>
    </version>
    <version>
      <id>2.1</id>
      <name>2.1</name>
      <tag>COLLECTIONS_2_1</tag>
    </version>
    <version>
      <id>2.1.1</id>
      <name>2.1.1</name>
      <tag>COLLECTIONS_2_1_1</tag>
    </version>
    <version>
      <id>3.0</id>
      <name>3.0</name>
      <tag>COLLECTIONS_3_0</tag>
    </version>
    <version>
      <id>3.1</id>
      <name>3.1</name>
      <tag>COLLECTIONS_3_1</tag>
    </version>
  </versions>

  <developers>
    <developer>
      <name>Stephen Colebourne</name>
      <id>scolebourne</id>
      <email></email>
      <organization></organization>
    </developer>
    <developer>
      <name>Morgan Delagrange</name>
      <id>morgand</id>
      <email></email>
      <organization></organization>
    </developer>
    <developer>
      <name>Matthew Hawthorne</name>
      <id>matth</id>
      <email></email>
      <organization></organization>
    </developer>
    <developer>
      <name>Geir Magnusson</name>
      <id>geirm</id>
      <email></email>
      <organization></organization>
    </developer>
    <developer>
      <name>Craig McClanahan</name>
      <id>craigmcc</id>
      <email></email>
      <organization></organization>
    </developer>
    <developer>
      <name>Phil Steitz</name>
      <id>psteitz</id>
      <email></email>
      <organization></organization>
    </developer>
    <developer>
      <name>Arun M. Thomas</name>
      <id>amamment</id>
      <email></email>
      <organization></organization>
    </developer>
    <developer>
      <name>Rodney Waldhoff</name>
      <id>rwaldhoff</id>
      <email></email>
      <organization></organization>
    </developer>
    <developer>
      <name>Henri Yandell</name>
      <id>bayard</id>
      <email></email>
      <organization></organization>
    </developer>
    <developer>
      <name>James Carman</name>
      <id>jcarman</id>
      <email></email>
      <organization></organization>
    </developer>
    <developer>
      <name>Robert Burrell Donkin</name>
      <id>rdonkin</id>
    </developer>
  </developers>
  
  <contributors>
    <contributor>
      <name>Rafael U. C. Afonso</name>
    </contributor>
    <contributor>
      <name>Max Rydahl Andersen</name>
    </contributor>
    <contributor>
      <name>Federico Barbieri</name>
    </contributor>
    <contributor>
      <name>Arron Bates</name>
    </contributor>
    <contributor>
      <name>Nicola Ken Barozzi</name>
    </contributor>
    <contributor>
      <name>Sebastian Bazley</name>
    </contributor>
    <contributor>
      <name>Matt Benson</name>
    </contributor>
    <contributor>
      <name>Ola Berg</name>
    </contributor>
    <contributor>
      <name>Christopher Berry</name>
    </contributor>
    <contributor>
      <name>Nathan Beyer</name>
    </contributor>
    <contributor>
      <name>Janek Bogucki</name>
    </contributor>
    <contributor>
      <name>Chuck Burdick</name>
    </contributor>
    <contributor>
      <name>Dave Bryson</name>
    </contributor>
    <contributor>
      <name>Julien Buret</name>
    </contributor>
    <contributor>
      <name>Jonathan Carlson</name>
    </contributor>
    <contributor>
      <name>Ram Chidambaram</name>
    </contributor>
    <contributor>
      <name>Steve Clark</name>
    </contributor>
    <contributor>
      <name>Eric Crampton</name>
    </contributor>
    <contributor>
      <name>Dimiter Dimitrov</name>
    </contributor>
    <contributor>
      <name>Peter Donald</name>
    </contributor>
    <contributor>
      <name>Steve Downey</name>
    </contributor>
    <contributor>
      <name>Rich Dougherty</name>
    </contributor>
    <contributor>
      <name>Tom Dunham</name>
    </contributor>
    <contributor>
      <name>Stefano Fornari</name>
    </contributor>
    <contributor>
      <name>Andrew Freeman</name>
    </contributor>
    <contributor>
      <name>Gerhard Froehlich</name>
    </contributor>
    <contributor>
      <name>Paul Jack</name>
    </contributor>
    <contributor>
      <name>Eric Johnson</name>
    </contributor>
    <contributor>
      <name>Kent Johnson</name>
    </contributor>
    <contributor>
      <name>Marc Johnson</name>
    </contributor>
    <contributor>
      <name>Nissim Karpenstein</name>
    </contributor>
    <contributor>
      <name>Shinobu Kawai</name>
    </contributor>
    <contributor>
      <name>Mohan Kishore</name>
    </contributor>
    <contributor>
      <name>Simon Kitching</name>
    </contributor>
    <contributor>
      <name>Thomas Knych</name>
    </contributor>
    <contributor>
      <name>Serge Knystautas</name>
    </contributor>
    <contributor>
      <name>Peter KoBek</name>
    </contributor>
    <contributor>
      <name>Jordan Krey</name>
    </contributor>
    <contributor>
      <name>Olaf Krische</name>
    </contributor>
    <contributor>
      <name>Guilhem Lavaux</name>
    </contributor>
    <contributor>
      <name>Paul Legato</name>
    </contributor>
    <contributor>
      <name>David Leppik</name>
    </contributor>
    <contributor>
      <name>Berin Loritsch</name>
    </contributor>
    <contributor>
      <name>Hendrik Maryns</name>
    </contributor>
    <contributor>
      <name>Stefano Mazzocchi</name>
    </contributor>
    <contributor>
      <name>Brian McCallister</name>
    </contributor>
    <contributor>
      <name>Steven Melzer</name>
    </contributor>
    <contributor>
      <name>Leon Messerschmidt</name>
    </contributor>
    <contributor>
      <name>Mauricio S. Moura</name>
    </contributor>
    <contributor>
      <name>Kasper Nielsen</name>
    </contributor>
    <contributor>
      <name>Stanislaw Osinski</name>
    </contributor>
    <contributor>
      <name>Alban Peignier</name>
    </contributor>
    <contributor>
      <name>Mike Pettypiece</name>
    </contributor>
    <contributor>
      <name>Steve Phelps</name>
    </contributor>
    <contributor>
      <name>Ilkka Priha</name>
    </contributor>
    <contributor>
      <name>Jonas Van Poucke</name>
    </contributor>
    <contributor>
      <name>Will Pugh</name>
    </contributor>
    <contributor>
      <name>Herve Quiroz</name>
    </contributor>
    <contributor>
      <name>Daniel Rall</name>
    </contributor>
    <contributor>
      <name>Robert Ribnitz</name>
    </contributor>
    <contributor>
      <name>Huw Roberts</name>
    </contributor>
    <contributor>
      <name>Henning P. Schmiedehausen</name>
    </contributor>
    <contributor>
      <name>Howard Lewis Ship</name>
    </contributor>
    <contributor>
      <name>Joe Raysa</name>
    </contributor>
    <contributor>
      <name>Thomas Schapitz</name>
    </contributor>
    <contributor>
      <name>Jon Schewe</name>
    </contributor>
    <contributor>
      <name>Andreas Schlosser</name>
    </contributor>
    <contributor>
      <name>Christian Siefkes</name>
    </contributor>
    <contributor>
      <name>Michael Smith</name>
    </contributor>
    <contributor>
      <name>Stephen Smith</name>
    </contributor>
    <contributor>
      <name>Jan Sorensen</name>
    </contributor>
    <contributor>
      <name>Jon S. Stevens </name>
    </contributor>
    <contributor>
      <name>James Strachan</name>
    </contributor>
    <contributor>
      <name>Leo Sutic</name>
    </contributor>
    <contributor>
      <name>Chris Tilden</name>
    </contributor>
    <contributor>
      <name>Neil O'Toole</name>
    </contributor>
    <contributor>
      <name>Jeff Turner</name>
    </contributor>
    <contributor>
      <name>Kazuya Ujihara</name>
    </contributor>
    <contributor>
      <name>Jeff Varszegi</name>
    </contributor>
    <contributor>
      <name>Ralph Wagner</name>
    </contributor>
    <contributor>
      <name>David Weinrich</name>
    </contributor>
    <contributor>
      <name>Dieter Wimberger</name>
    </contributor>
    <contributor>
      <name>Serhiy Yevtushenko</name>
    </contributor>
    <contributor>
      <name>Jason van Zyl</name>
    </contributor>
  </contributors>

  <dependencies>
    <dependency>
      <groupId>junit</groupId>
      <artifactId>junit</artifactId>
      <version>3.8.1</version>
      <properties>
       <scope>test</scope>
       <comment>
        Required only for testing.
       </comment>
      </properties>
    </dependency>
    <dependency>
      <groupId>maven-plugins</groupId>
      <artifactId>maven-cobertura-plugin</artifactId>
      <version>1.1.1</version>
      <url>http://maven-plugins.sourceforge.net/maven-cobertura-plugin/</url>
      <type>plugin</type>
      <properties>
       <scope>test</scope>
       <comment>
        Required only for generating test coverage reports.
       </comment>
      </properties>
    </dependency>
  </dependencies>

  <build>
    <nagEmailAddress>dev@commons.apache.org</nagEmailAddress>
    <sourceDirectory>src/java</sourceDirectory>
    <unitTestSourceDirectory>src/test</unitTestSourceDirectory>
    <integrationUnitTestSourceDirectory/>
    <aspectSourceDirectory/>
    <unitTest>
      <includes>
        <include>org/apache/commons/collections/TestAllPackages.java</include>
      </includes>
   	</unitTest>
    <resources>
      <resource>
        <directory>.</directory>
        <targetPath>META-INF</targetPath>
        <includes>
          <include>NOTICE.txt</include>
        </includes>
      </resource>
    </resources>
  </build>

  <reports>
    <!--report>maven-changes-plugin</report-->   <!-- commented out until changes.xml exists -->
    <report>maven-checkstyle-plugin</report>
    <report>maven-pmd-plugin</report>
    <!--report>maven-findbugs-plugin</report-->  <!-- commented out due to license -->
    <report>maven-javadoc-plugin</report>
    <report>maven-jdepend-plugin</report>
    <report>maven-junit-report-plugin</report>
    <report>maven-jxr-plugin</report>
    <report>maven-license-plugin</report>
    <!--report>maven-cobertura-plugin</report--> <!-- commented out due to license -->
  </reports>

</project>
