<?xml version="1.0" encoding="UTF-8"?>
<metadata>
	<idinfo>
		<citation>
			<citeinfo>
				<origin>Tele Atlas(R)</origin>
				<pubdate>200704</pubdate>
				<title Sync="TRUE">state</title>
				<edition>17.1</edition>
				<geoform Sync="TRUE">vector digital data</geoform>
				<pubinfo>
					<pubplace>Lebanon, NH</pubplace>
					<publish>Tele Atlas(R)</publish>
				</pubinfo>
				<othercit>File format usxxxxsj: us=Nation abbreviation; xxxx=fillers; sj=State Boundary without shoreline buffer layer abbreviation. Note: Some Dynamap(R)/2000 GIS formats may have other file naming conventions for this layer.</othercit>
				<ftname Sync="TRUE">state</ftname><onlink Sync="TRUE"></onlink></citeinfo>
		</citation>
		<descript>
			<abstract>
Dynamap(R)/2000 State Boundary file without a shoreline buffer is a non-generalized polygon layer that represents all U.S. government-defined entities named State. States are the primary governmental divisions of the United States. In addition to the 50 states, the U.S. Census Bureau treats the District of Columbia and Puerto Rico as the statistical equivalent of states for the purpose of data presentation.
This file is defined without a 'shoreline buffer.' Detailed shorelines are represented in this product layer.
</abstract>
			<purpose>The purpose of this layer is to provide to users who need them accurate cartographic representations of state boundaries to overlay with other Tele Atlas(R) layers or products, and to see the political extents of state boundaries.</purpose>
			<supplinf>To find out more about Dynamap(R)/2000 and other available products, visit http://www.teleatlas.com.</supplinf>
			<langdata Sync="TRUE">en</langdata></descript>
		<timeperd>
			<timeinfo>
				<sngdate>
					<caldate>200704</caldate>
				</sngdate>
			</timeinfo>
			<current>Publication Date</current>
		</timeperd>
		<status>
			<progress>Complete</progress>
			<update>State boundaries are updated every 10 years after the release of U.S. Census Bureau TIGER/Line(R) files containing the new boundaries resulting from the latest decennial census. State boundaries are current to 2000 TIGER/Line(R) files. On-going realignment work on the Tele Atlas(R) database may result in improved horizontal accuracy of state boundaries in some areas.</update>
		</status>
		<spdom>
			<bounding>
				<westbc Sync="TRUE">-178.227822</westbc>
				<eastbc Sync="TRUE">179.778465</eastbc>
				<northbc Sync="TRUE">71.390482</northbc>
				<southbc Sync="TRUE">17.881242</southbc>
			</bounding>
			<lboundng><leftbc Sync="TRUE">-178.227822</leftbc><rightbc Sync="TRUE">179.778465</rightbc><bottombc Sync="TRUE">17.881242</bottombc><topbc Sync="TRUE">71.390482</topbc></lboundng></spdom>
		<keywords>
			<theme>
				<themekt>None</themekt>
				<themekey>State</themekey>
				<themekey>Dynamap/2000</themekey>
				<themekey>Dynamap2000</themekey>
			</theme>
			<place>
				<placekt>None</placekt>
				<placekey>U.S.</placekey>
				<placekey>United States</placekey>
				<placekey>Puerto Rico</placekey>
			</place>
			<temporal>
				<tempkt>None</tempkt>
				<tempkey>April, 2007</tempkey>
				<tempkey>17.1</tempkey>
			</temporal>
		</keywords>
		<accconst>Access granted to licensee only.</accconst>
		<useconst>(C) 1984-2007 Tele Atlas(R). All rights reserved. This material is proprietary and the subject of copyright protection and other intellectual property rights owned by or licensed to Tele Atlas(R) and its affiliates. The use of this material is subject to the terms of a license agreement. You will be held liable for any unauthorized copying or disclosure of this material.</useconst>
		<native Sync="TRUE"> Version 6.0 (Build 6001) Service Pack 1; ESRI ArcCatalog 9.2.4.1420</native><natvform Sync="TRUE">Shapefile</natvform></idinfo>
	<dataqual>
		<attracc>
			<attraccr>The name attribute is based on Census 2000 TIGER/Line(R) file definitions. The FIPS or key attribute and state abbreviation is taken from the Federal Information Processing Standards Publications. The name attribute is checked for proper case. More than 500 algorithmic QC checks are applied against the database to ensure that changes to geography and attribution conform to the Tele Atlas(R) internal Database Feature Modeling Specifications.</attraccr>
		</attracc>
		<logic>All segment strings that form the state boundaries must have closure to form polygons. Multiple polygons with the same census coding are only allowed if they were represented as multipolygons in TIGER(R) data.</logic>
		<complete>After processing, the dataset is checked for drawing display, correct number of records, file sizes and then compared with the contents of the Tele Atlas(R) database at the time of creation. This layer also is checked against the FIPS55 roster to verify that no entity was deleted during processing.</complete>
		<posacc>
			<horizpa>
				<horizpar>State boundaries allow for six implied decimal places of precision. Baseline horizontal accuracy is consistent with 2002 TIGER/Line(R) files. On-going realignment work on the Tele Atlas(R) database may result in improved horizontal accuracy of state boundaries in some areas.</horizpar>
			</horizpa>
		</posacc>
		<lineage>
			<procstep>
				<procdesc>Tele Atlas(R) extracts the dataset quarterly from the Tele Atlas(R) database using proprietary software. Data then is converted into multiple GIS formats. ISO quality standards are enforced throughout the production process.</procdesc>
				<procdate>200703</procdate>
			</procstep>
			<procstep><procdesc Sync="TRUE">Metadata imported.</procdesc><srcused Sync="TRUE">D:\Public\Data\TeleAtlas\metadata\XML\D2000_usxxxxsj.xml</srcused><date Sync="TRUE">20070718</date><time Sync="TRUE">15272600</time></procstep><procstep><procdesc Sync="TRUE">Dataset copied.</procdesc><srcused Sync="TRUE"></srcused><procdate Sync="TRUE">20090324</procdate><proctime Sync="TRUE">20042500</proctime></procstep></lineage>
	</dataqual>
	<spref>
		<horizsys>
			<geograph>
				<latres Sync="TRUE">0.000000</latres>
				<longres Sync="TRUE">0.000000</longres>
				<geogunit Sync="TRUE">Decimal degrees</geogunit>
			</geograph>
			<geodetic>
				<horizdn Sync="TRUE">D_WGS_1984</horizdn>
				<ellips Sync="TRUE">WGS_1984</ellips>
				<semiaxis Sync="TRUE">6378137.000000</semiaxis>
				<denflat Sync="TRUE">298.257224</denflat>
			</geodetic>
			<cordsysn><geogcsn Sync="TRUE">GCS_WGS_1984</geogcsn></cordsysn></horizsys>
		<vertdef><altsys><altenc Sync="TRUE">Explicit elevation coordinate included with horizontal coordinates</altenc><altres Sync="TRUE">0.000122</altres></altsys></vertdef></spref>
	<eainfo>
		<overview>
			<eaover>
Attribution information for the state boundary entity varies depending on GIS format produced. Below are attribute fields common to most formats. For more detail, see the Entity and Attribution Detail Citation section.
* State Name field: All names have proper case: the first letter of each word is capitalized. For example: Maryland.
* State FIPS or Key field: The purpose of key fields is to aid in locating census geography. The key field contains codes for a census entity appended to the codes of related census entities. The Key field for a State contains the State FIPS code. For example, 01 is a valid State key code for Alabama (01). 
* State Abbreviation field: A 2-character abbreviation based on FIPS abbreviations.
</eaover>
			<eadetcit>Dynamap(R)/2000 v. 17.1 user guide</eadetcit>
		</overview>
		<detailed Name="state"><enttyp><enttypl Sync="TRUE">state</enttypl><enttypt Sync="TRUE">Feature Class</enttypt><enttypc Sync="TRUE">0</enttypc></enttyp><attr><attrlabl Sync="TRUE">GDT_ID</attrlabl><attalias Sync="TRUE">GDT_ID</attalias><attrtype Sync="TRUE">String</attrtype><attwidth Sync="TRUE">32</attwidth><atprecis Sync="TRUE">0</atprecis><attscale Sync="TRUE">0</attscale></attr><attr><attrlabl Sync="TRUE">STATE_NAME</attrlabl><attalias Sync="TRUE">STATE_NAME</attalias><attrtype Sync="TRUE">String</attrtype><attwidth Sync="TRUE">50</attwidth><atprecis Sync="TRUE">0</atprecis><attscale Sync="TRUE">0</attscale></attr><attr><attrlabl Sync="TRUE">STATE_ABBR</attrlabl><attalias Sync="TRUE">STATE_ABBR</attalias><attrtype Sync="TRUE">String</attrtype><attwidth Sync="TRUE">32</attwidth></attr><attr><attrlabl Sync="TRUE">STATE_FIPS</attrlabl><attalias Sync="TRUE">STATE_FIPS</attalias><attrtype Sync="TRUE">String</attrtype><attwidth Sync="TRUE">50</attwidth></attr><attr><attrlabl Sync="TRUE">CENT_LAT</attrlabl><attalias Sync="TRUE">CENT_LAT</attalias><attrtype Sync="TRUE">String</attrtype><attwidth Sync="TRUE">2</attwidth></attr><attr><attrlabl Sync="TRUE">EPA_REGION</attrlabl><attalias Sync="TRUE">EPA_REGION</attalias><attrtype Sync="TRUE">Number</attrtype><attwidth Sync="TRUE">9</attwidth></attr><attr><attrlabl Sync="TRUE">FID</attrlabl><attalias Sync="TRUE">FID</attalias><attrtype Sync="TRUE">Float</attrtype><attwidth Sync="TRUE">19</attwidth><attrdef Sync="TRUE">Internal feature number.</attrdef><attrdefs Sync="TRUE">ESRI</attrdefs><attrdomv><udom Sync="TRUE">Sequential unique whole numbers that are automatically generated.</udom></attrdomv><atnumdec Sync="TRUE">11</atnumdec></attr><attr><attrlabl Sync="TRUE">STATE_AREA</attrlabl><attalias Sync="TRUE">STATE_AREA</attalias><attrtype Sync="TRUE">Float</attrtype><attwidth Sync="TRUE">19</attwidth><atnumdec Sync="TRUE">11</atnumdec></attr><attr><attrlabl Sync="TRUE">Shape</attrlabl><attalias Sync="TRUE">Shape</attalias><attrtype Sync="TRUE">Float</attrtype><attwidth Sync="TRUE">19</attwidth><attrdef Sync="TRUE">Feature geometry.</attrdef><attrdefs Sync="TRUE">ESRI</attrdefs><attrdomv><udom Sync="TRUE">Coordinates defining the features.</udom></attrdomv><atnumdec Sync="TRUE">11</atnumdec></attr><attr><attrlabl Sync="TRUE">CENT_LONG</attrlabl><attalias Sync="TRUE">CENT_LONG</attalias><attrtype Sync="TRUE">Number</attrtype><attwidth Sync="TRUE">4</attwidth></attr><attr><attrlabl Sync="TRUE">BUS_FID_Le</attrlabl><attalias Sync="TRUE">BUS_FID_Le</attalias><attrtype Sync="TRUE">Float</attrtype><attwidth Sync="TRUE">19</attwidth><atnumdec Sync="TRUE">11</atnumdec></attr><attr><attrlabl Sync="TRUE">BUS_FID_Ar</attrlabl><attalias Sync="TRUE">BUS_FID_Ar</attalias><attrtype Sync="TRUE">Float</attrtype><attwidth Sync="TRUE">19</attwidth><atnumdec Sync="TRUE">11</atnumdec></attr></detailed></eainfo>
	<distinfo>
		<distrib>
			<cntinfo>
				<cntorgp>
					<cntorg>Tele Atlas(R)</cntorg>
				</cntorgp>
				<cntaddr>
					<addrtype>Physical Address</addrtype>
					<address>11 Lafayette Street</address>
					<city>Lebanon</city>
					<state>NH</state>
					<postal>03766</postal>
				</cntaddr>
				<cntvoice>(800)331-7881</cntvoice>
				<cntvoice>(603)643-0330</cntvoice>
				<cntfax>(603)643-6808</cntfax>
				<cntemail>info.NA@teleatlas.com</cntemail>
			</cntinfo>
		</distrib>
		<distliab>No warranty, expressed or implied, is made and no liability is assumed by Tele Atlas(R) as to the positional or attribute accuracy of the data. The act of distribution shall not constitute any such warranty and no responsibility is assumed by Tele Atlas(R) in the use of these files.</distliab>
		<resdesc Sync="TRUE">Downloadable Data</resdesc><stdorder><digform><digtinfo><transize Sync="TRUE">0.000</transize><dssize Sync="TRUE">0.000</dssize></digtinfo></digform></stdorder></distinfo>
	<metainfo>
		<metd Sync="TRUE">20081113</metd>
		<metc>
			<cntinfo>
				<cntorgp>
					<cntorg>Tele Atlas(R)</cntorg>
					<cntper>REQUIRED: The person responsible for the metadata information.</cntper></cntorgp>
				<cntaddr>
					<addrtype>Physical Address</addrtype>
					<address>11 Lafayette Street</address>
					<city>Lebanon</city>
					<state>NH</state>
					<postal>03766</postal>
				</cntaddr>
				<cntvoice>(800)331-7881</cntvoice>
				<cntvoice>(603)643-0330</cntvoice>
				<cntfax>(603)643-6808</cntfax>
				<cntemail>info.NA@teleatlas.com</cntemail>
			</cntinfo>
		</metc>
		<metstdn Sync="TRUE">FGDC Content Standards for Digital Geospatial Metadata</metstdn>
		<metstdv Sync="TRUE">FGDC-STD-001-1998</metstdv>
		<langmeta Sync="TRUE">en</langmeta><mettc Sync="TRUE">local time</mettc><metextns><onlink Sync="TRUE">http://www.esri.com/metadata/esriprof80.html</onlink><metprof Sync="TRUE">ESRI Metadata Profile</metprof></metextns></metainfo>
	<Esri><CreaDate>20090324</CreaDate><CreaTime>20042500</CreaTime><SyncOnce>FALSE</SyncOnce><SyncDate>20081113</SyncDate><SyncTime>16203400</SyncTime><ModDate>20081113</ModDate><ModTime>16203400</ModTime><DataProperties><lineage><Process ToolSource="C:\Program Files\ArcGIS\ArcToolbox\Toolboxes\Data Management Tools.tbx\CopyFeatures" Date="20070718" Time="211713">CopyFeatures "Database Connections\percheron_gswsprd_gsws.sde\GSWS.TANA_07\GSWS.STATE" I:\GSWS\TeleAtlas2007.gdb\GSWS_STATE # 0 0 0</Process><Process Name="FeatureClassToFeatureClass_14" ToolSource="C:\Program Files (x86)\ArcGIS\ArcToolbox\Toolboxes\Conversion Tools.tbx\FeatureClassToFeatureClass" Date="20081113" Time="162037">FeatureClassToFeatureClass C:\ge\TeleAtlas2007.gdb\STATE C:\ge\teleAtlas2007ShpFiles\state state.shp # "GDT_ID GDT_ID true true false 32 Text 0 0 ,First,#,C:\ge\TeleAtlas2007.gdb\STATE,GDT_ID,-1,-1;STATE_NAME STATE_NAME true true false 50 Text 0 0 ,First,#,C:\ge\TeleAtlas2007.gdb\STATE,STATE_NAME,-1,-1;STATE_ABBR STATE_ABBR true true false 2 Text 0 0 ,First,#,C:\ge\TeleAtlas2007.gdb\STATE,STATE_ABBR,-1,-1;STATE_FIPS STATE_FIPS true true false 4 Long 0 0 ,First,#,C:\ge\TeleAtlas2007.gdb\STATE,STATE_FIPS,-1,-1;STATE_AREA STATE_AREA true true false 8 Double 0 0 ,First,#,C:\ge\TeleAtlas2007.gdb\STATE,STATE_AREA,-1,-1;CENT_LAT CENT_LAT true true false 8 Double 0 0 ,First,#,C:\ge\TeleAtlas2007.gdb\STATE,CENT_LAT,-1,-1;CENT_LONG CENT_LONG true true false 8 Double 0 0 ,First,#,C:\ge\TeleAtlas2007.gdb\STATE,CENT_LONG,-1,-1;EPA_REGION EPA_REGION true true false 2 Short 0 0 ,First,#,C:\ge\TeleAtlas2007.gdb\STATE,EPA_REGION,-1,-1;BUS_FID_Le BUS_FID_Length false true true 8 Double 0 0 ,First,#,C:\ge\TeleAtlas2007.gdb\STATE,BUS_FID_Length,-1,-1;BUS_FID_Ar BUS_FID_Area false true true 8 Double 0 0 ,First,#,C:\ge\TeleAtlas2007.gdb\STATE,BUS_FID_Area,-1,-1" # C:\ge\teleAtlas2007ShpFiles\state\state.shp</Process><Process Name="AddField_22" ToolSource="C:\Program Files (x86)\ArcGIS\ArcToolbox\Toolboxes\Data Management Tools.tbx\AddField" Date="20081202" Time="212250">AddField C:\ge\teleAtlas2007ShpFiles\state\state.shp EPA_GEOID TEXT # # 32 # NON_NULLABLE NON_REQUIRED # C:\ge\teleAtlas2007ShpFiles\state\state.shp</Process><Process Name="CalculateField_4" ToolSource="C:\Program Files (x86)\ArcGIS\ArcToolbox\Toolboxes\Data Management Tools.tbx\CalculateField" Date="20081203" Time="165042">CalculateField C:\ge\teleAtlas2007ShpFiles\state\state.shp EPA_GEOID ""state_" &amp; [FID]" VB # C:\ge\teleAtlas2007ShpFiles\state\state.shp</Process></lineage></DataProperties><MetaID>{09F8087B-5809-4A56-82A0-1C80335110A9}</MetaID></Esri><dataIdInfo><envirDesc Sync="TRUE"> Version 6.0 (Build 6001) Service Pack 1; ESRI ArcCatalog 9.2.4.1420</envirDesc><dataLang><languageCode Sync="TRUE" value="en"></languageCode></dataLang><idCitation><resTitle Sync="TRUE">state</resTitle><presForm><PresFormCd Sync="TRUE" value="005"></PresFormCd></presForm></idCitation><spatRpType><SpatRepTypCd Sync="TRUE" value="001"></SpatRepTypCd></spatRpType><dataExt><geoEle><GeoBndBox esriExtentType="native"><westBL Sync="TRUE">-178.227822</westBL><eastBL Sync="TRUE">179.778465</eastBL><northBL Sync="TRUE">71.390482</northBL><southBL Sync="TRUE">17.881242</southBL><exTypeCode Sync="TRUE">1</exTypeCode></GeoBndBox></geoEle></dataExt><geoBox esriExtentType="decdegrees"><westBL Sync="TRUE">-178.227822</westBL><eastBL Sync="TRUE">179.778465</eastBL><northBL Sync="TRUE">71.390482</northBL><southBL Sync="TRUE">17.881242</southBL><exTypeCode Sync="TRUE">1</exTypeCode></geoBox></dataIdInfo><mdLang><languageCode Sync="TRUE" value="en"></languageCode></mdLang><mdStanName Sync="TRUE">ISO 19115 Geographic Information - Metadata</mdStanName><mdStanVer Sync="TRUE">DIS_ESRI1.0</mdStanVer><mdChar><CharSetCd Sync="TRUE" value="004"></CharSetCd></mdChar><mdHrLv><ScopeCd Sync="TRUE" value="005"></ScopeCd></mdHrLv><mdHrLvName Sync="TRUE">dataset</mdHrLvName><distInfo><distributor><distorTran><onLineSrc><orDesc Sync="TRUE">002</orDesc><linkage Sync="TRUE">file://</linkage><protocol Sync="TRUE">Local Area Network</protocol></onLineSrc><transSize Sync="TRUE">0.000</transSize></distorTran><distorFormat><formatName Sync="TRUE">Shapefile</formatName></distorFormat></distributor></distInfo><spdoinfo><direct Sync="TRUE">Vector</direct><ptvctinf><esriterm Name="state"><efeatyp Sync="TRUE">Simple</efeatyp><efeageom Sync="TRUE">Polygon</efeageom><esritopo Sync="TRUE">FALSE</esritopo><efeacnt Sync="TRUE">0</efeacnt><spindex Sync="TRUE">FALSE</spindex><linrefer Sync="TRUE">FALSE</linrefer></esriterm><sdtsterm Name="state"><sdtstype Sync="TRUE">G-polygon</sdtstype><ptvctcnt Sync="TRUE">0</ptvctcnt></sdtsterm></ptvctinf></spdoinfo><refSysInfo><RefSystem><refSysID><identCode Sync="TRUE">GCS_WGS_1984</identCode></refSysID></RefSystem></refSysInfo><spatRepInfo><VectSpatRep><topLvl><TopoLevCd Sync="TRUE" value="001"></TopoLevCd></topLvl><geometObjs Name="state"><geoObjTyp><GeoObjTypCd Sync="TRUE" value="001"></GeoObjTypCd></geoObjTyp><geoObjCnt Sync="TRUE">0</geoObjCnt></geometObjs></VectSpatRep></spatRepInfo><mdDateSt Sync="TRUE">20081113</mdDateSt></metadata>
